iter	Passed	Remaining
0	492	1475737
1	730	109443122	1026	102503	13	1244	93204	14	1457	87325	15	1679	83806	1930	825430
7	2217	829524
8	2394	795628
9	2706	809180
10	2985	811312
11	3284	817940
12	3572	820755
13	3876	826754
14	4160	827884
15	4409	822448
16	4788	840218
17	5082	842001
18	5424	851090
19	5673	845312
20	5901	837156
21	6154	833038
22	6447	834510
23	6751	837218
24	7047	838687
25	7343	840029
26	7662	843736
27	7946	843432
28	8224	842566
29	8568	848328
30	8839	846586
31	9119	845814
32	9407	845781
33	9739	849607
34	9948	842748
35	10145	835316
36	10340	828080
37	10529	820767
38	10700	812437
39	10841	802287
40	11016	7941	1141	11225	7942	1142	11385	7443	11977	804656444	12287	806892445	12581	807945446	12842	806916447	13185	810893
48	13492	812594449	13789	813555550	14018	810577551	14291	810215552	14521	807450553	14821	808574554	15119	809563555	15436	811508556	15730	812171557	16074	815355
58	16344	814726559	16604	813597660	16888	813706661	17170	813665662	17466	814269
63	17771	815269
64	17955	810770665	18321	814454
66	18612	814785
67	18915	815610
68	19201	815658
69	19502	816304
70	19790	816419
71	20064	815969
72	20369	816744
73	20663	817026
74	20963	817570
75	21287	819003
76	21555	818273
77	21851	818586
78	22102	817214
79	22359	816122
80	22649	816210
81	22920	815643
82	23254	817259
83	23536	817047
84	23822	816965
85	24031	814276
86	24258	812239
87	24524	811523
88	24759	809814
89	25118	812155
90	25505	815341
91	25759	814221
92	26053	814388993	26254	811661994	26492	810119
95	26708	807939996	26899	805047997	27115	802962998	27363	801834999	27709	8035851100	28015	8041411101	28406	8070751102	28774	8093251103	29205	8132711104	29490	813085
105	29905	816489
106	30078	813251
107	30316	811801
108	30407	806485109109	30435	7996110110	30675	798404
111	30902	7968411112	31077	7939911113	31276	7917811114	31518	7907011115	31822	7911611116	32151	7922311117	32483	7933511118	32804	794195
119	33147	795528
120	33393	794554
121	33756	796320
122	34024	795839
123	34387	797565
124	34701	798127
125	35052	799524
126	35378	800345
127	35629	799432
128	35857	798042
129	36115	797318
130	36373	796606
131	36720	797829
132	37066	799011
133	37466	801342
134	37882	803953
135	38238	805264
136	38608	806840
137	38956	807925
138	39197	806783
139	39439	805685
140	39695	804879
141	39939	803847
142	40232	803815
143	40509	803442
144	40846	804259
145	41195	805285
146	41480	805062
147	41860	806664
148	42186	807215
149	42360	804853
150	42646	804634
151	43022	806099
152	43352	806690
153	43731	808182
154	44055	808623
155	44317	807941
156	44633	808231
157	44995	809346
158	45286	809167
159	45616	809696
160	45996	811088
161	46215	809627
162	46524	809758
163	46879	810674
164	47099	809249
165	47440	809919
166	47676	808790
167	47966	808577
168	48263	808488
169	48603	809108
170	48922	809365
171	49347	811370
172	49613	810739
173	49948	811234
174	50308	812128
175	50565	811349
176	50961	812785
177	51314	813540
178	51583	812938
179	51903	813150
180	52238	813588
181	52535	813439
182	52781	812482
183	53018	811412
184	53341	811649
185	53468	808932
186	53713	808004
187	53962	807146
188	54257	806972
189	54479	805721
190	54774	805555
191	55079	805536
192	55387	805562
193	55614	804397
194	55926	804479
195	56295	805372
196	56644	805965
197	57005	806719
198	57214	805319
199	57544	805628
200	57845	805525
201	58194	806085
202	58504	806096
203	58876	806959
204	59229	807549
205	59525	807350
206	59870	807813
207	60254	808803
208	60604	809314
209	60894	809029
210	61292	810160
211	61675	811094
212	61919	810192
213	62263	810588
214	62675	811866
215	62990	811882
216	63296	811774
217	63646	812223
218	63944	812003
219	64085	809803
220	64362	809335
221	64690	809502
222	65023	809728
223	65436	810950
224	65779	811279
225	66103	811377
226	66542	812868
227	66899	813357
228	67147	812514
229	67504	812983
230	67840	813201
231	68226	814016
232	68552	8140233233	69164	8175234234	69573	8186235235	70026	820139
236	70361	820292
237	70730	820833
238	71090	821257
239	71433	821481
240	71800	821976
241	72103	821744
242	72421	8216243243	72869	823067
244	73201	823138
245	73440	822179
246	73724	821713
247	74051	821727
248	74378	821751
249	74755	8223250250	75477	8266251251	76201	8309252252	77699	8436253253	81003	8757254254	84164	9060255255	87799	9410256256	91260	9740257257	94513	1004258	258	97431	1031259	259	100560	105260	1260	103840	108261	1261	106794	111262	1262	109801	114263	1263	113122	117264	1264	115859	119265	1265	119164	122266	1266	122146	125267	1267	125476	127268	129462	1314357
269	132198	1336668
270	135255	1362034
271	142153	1425714
272	1272	145527	145273	1273	147607	146274	1274	151980	150275	1275	156626	154276	1276	162495	159277	1277	163315	159278	1278	163927	159279	1279	164477	159280	1280	165098	1597517
281	165638	1596469
282	166344	1597026
283	166996	159284	1284	167626	159285	1285	176880	1678514
286	193825	1832220
287	205844	1938368
288	222447	2086691
289	235797	2203490
290	237461	2210595
291	238409	2211002
292	239381	2211621
293	240210	2210912
294	241064	2210434
295	241975	2210475
296	242911	2210738
297	243883	2211322
298	245169	2214723
299	247000	2223004
300	247588	2220066
301	250231	2235514
302	255905	2277808
303	261661	2320522
304	269678	2382892
305	276761	243306	2306	284097	2492097
307	295556	2583237
308	299921	2611934
309	300710	260310	3310	307483	2658594
311	319847	2755613
312	333386	2862008
313	338674	2897069
314	343850	2930917
315	351372	2984440
316	357735	3027775
317	365569	308318	3318	374012	314319	3319	381923	3198606
320	388491	3242268
321	399137	3319535
322	407702	3379004
323	416024	3436057
324	424076	3490478
325	430811	3533707
326	431409	3526472
327	432120	3520203
328	432789	3513620
329	433528	3507637
330	434198	3501139
331	434924	3495112
332	435770	3490092
333	439254	3506143
334	446141	3549153
335	455523	3611647
336	459007	3627110
337	463344	3649177
338	467646	3670818
339	474885	3715283
340	484327	3776619
341	498616	3875213
342	507450	3930892
343	513344	3963498
344	523937	4032039
345	534886	4102855
346	535790	4096404
347	536960	4092011
348	539967	4101583
349	545710	4131811
350	549782	4149210
351	554447	4170960
352	559633	4196458
353	566335	4233114
354	571319	4256729
355	576899	4284616
356	580152	4295076
357	582544	4299114
358	587837	4324455
359	593016	4348789
360	598237	4373263
361	602960	4393949
362	604350	4390283
363	607358	4398342
364	609805	4402291
365	615040	4426272
366	618483	4437239
367	621131	4442438
368	625006	4456345
369	629405	4473884
370	633102	4486323
371	635763	4491360
372	638596	4497566
373	641961	4507462
374	644522	4511659
375	647611	4519499
376	650346	4524824
377	653240	4531207
378	656676	4541289
379	659470	4546874
380	662393	4553302
381	664873	4556647
382	670832	4583728
383	674484	4594927
384	677750	4603419
385	683516	4628786
386	688196	4646658
387	692543	4662176
388	696114	4672375
389	700369	4687086
390	703037	4691113
391	706605	4701091
392	710688	4714415
393	714999	4729161
394	716430	4724814
395	718947	4727621
396	722046	4734224
397	724933	4739392
398	729951	4758408
399	732834	4763425
400	734968	4763551
401	735924	4756051
402	736995	4749322
403	739962	4754809
404	742349	4756533
405	745408	4762538
406	748407	4768110
407	751802	4776156
408	754735	4781224
409	757667	4786239
410	760718	4791968
411	763609	4796652
412	767061	4804810
413	770282	4811474
414	772921	4814463
415	780240	4846491
416	784565	4859792
417	788641	4871462
418	792286	4880406
419	796036	4889938
420	799064	4894980
421	803014	4905621
422	806476	4913217
423	809541	4918344
424	810203	4908879
425	810747	4898742
426	811318	4888811
427	811901	4878999
428	812442	4868975
429	812931	4858685
430	813509	4848969
431	814093	4839331
432	814654	4829601
433	815192	4819780
434	816083	4812076
435	817533	4807696
436	818274	4799173
437	820149	4797314
438	825181	4813873
439	830356	4831164
440	834501	4842376
441	839247	4857004
442	844060	4871924
443	847528	4879017
444	852718	4895942
445	856503	4904729
446	859507	4908998
447	862661	4914091
448	866893	4925266
449	870231	4931313
450	873672	493451	8451	877158	4944688
452	879781	4946585
453	883406	4954083
454	886863	4960590
455	889626	4963179
456	892454	4966110
457	895770	497458	8458	899260	4978259
459	902231	498460	9460	904634	498461	9461	906581	498462	9462	911522	499463	9463	917242	501464	9464	920270	5016957
465	923315	5020774
466	927246	5029368
467	931181	5037930
468	933598	5038246
469	938387	5051321
470	943252	5064726
471	950394	5090247
472	954722	5100597
473	959549	5113545
474	963548	5122019
475	967660	5131041
476	970343	5132443
477	972196	5129455
478	973117	5121562
479	976576	5127028
480	981204	5138572
481	986010	5150984
482	988747	5152539
483	992592	5159841
484	994928	5159268
485	999025	5167796
486	1001127	5165981
487	1003543	5165781
488	1007064	5171247
489	1010570	5176597
490	1014033	5181689
491	1015946	5178850
492	1019540	5184560
493	1023248	5190811
494	1027099	5495	102495	1029489	5496	102496	1032501	5199901
497	1035459	5202247
498	1038626	5205621
499	1041978	5209893
500	1044920	5212087
501	1047589	5212905
502	1051057	5217674
503	1054158	5220595
504	1057953	5226919
505	1062417	5236501
506	1065796	5240692
507	1067169	5235011
508	1067519	5224344
509	1067803	5213395
510	1068056	5202331
511	1068314	5191338
512	1068584	5180447
513	1068862	5169635
514	1069194	5159121
515	1069475	5148407
516	1069802	5137950
517	1070139	5127579
518	1070469	5117216
519	1071074	5108199
520	1072047	5100968
521	1072966	5093509
522	1073778	5085560
523	1074717	5078244
524	1078335	5083582
525	1080022	5079803
526	1080475	5070240
527	1080729	5059776
528	1081039	5049621
529	1081338	5039445
530	1081626	5029255
531	1081903	5019055
532	1082214	5009048
533	1082477	4998857
534	1082774	4988857
535	1083028	4978697
536	1083233	4968349
537	1083528	4958450
538	1083800	4948483
539	1084103	4938693
540	1084439	4929089
541	1084731	4919316
542	1085042	4909667
543	1085531	4900853
544	1085814	4891145
545	1086078	4881386
546	1086392	4871886
547	1086628	4862066
548	1086812	4852054
549	1087008	4842127
550	1087168	4832080
551	1087361	4822212
552	1087591	4812543
553	1087905	4803278
554	1088213	4794020
555	1088546	4784903
556	1088821	4775567
557	1089095	4766257
558	1089317	4756752
559	1089516	4747179
560	1089721	4737665
561	1089901	4728077
562	1090067	4718462
563	1090271	4709042
564	1090503	4699781
565	1090650	4690181
566	1090866	4680912
567	1091054	4671558
568	1091211	4569	109569	1091435	4570	109570	1091726	4571	109571	1091966	4572	1092635	4627969
573	1093437	4621390
574	1094250	4614883
575	1094954	4607935
576	1095155	4598892
577	1095617	4590979
578	1097334	4588337
579	1098289	4582517
580	1098581	4573957
581	1098892	4565503
582	1099155	4556877
583	1099405	4548226
584	1099632	4539510
585	1099820	4530657
586	1100167	4522495
587	1100427	4513998
588	1100764	4505845
589	1101045	4497489
590	1101322	4489145
591	1101646	4481020
592	1102006	4473066
593	1102325	4464973
594	1102596	4456712
595	1102932	4448740
596	1103110	4440158
597	1103301	4431656
598	1103527	4423321
599	1103757	4415031
600	1103901	4406421
601	1104221	4398544
602	1104749	4391514
603	1105157	4384036
604	1105634	4376852
605	1105772	4368347
606	1105882	4359764
607	1105997	4351226
608	110608	1106101	4609	110609	1106348	4334711
610	1106606	4326813
611	1106867	4318953
612	1107078	4310922
613	1107359	4303192
614	1107672	4295607
615	1107906	4287743
616	1108178	4280049
617	1108434	4272315
618	1108798	4265024
619	1109120	4257591
620	1109469	4250287
621	1109730	4242666
622	1109927	4234827
623	1110128	4227026
624	1110293	4219114
625	1110483	4211321
626	1110657	4203494
627	1110872	4195842
628	1111161	4188494
629	1111432	4181104
630	1111774	4174001
631	1112086	4166804
632	1112422	4159723
633	1112733	4152568
634	1113003	4145280
635	1113282	4138048
636	1113554	4130815
637	1113814	4123557
638	1114185	4116731
639	1114449	4109532
640	1114737	4102441
641	1115003	4095291
642	1115344	4088438
643	1115655	4081497
644	1115945	4074499
645	1116267	4067637
646	1116600	4060837
647	1116896	4053922
648	1117184	4046997
649	1117468	4040078
650	1117787	4033305
651	1118007	4026200
652	1118322	4019454
653	1118603	4012603
654	1118912	4005877
655	1119273	3999356
656	1120898	3997357
657	1123130	3997526
658	1125221	3997184
659	1127125	3996170
660	1128715	3994047
661	1128939	3987099
662	1129190	3980268
663	1129480	3973595
664	1129770	3966938
665	1130021	3960165
666	1130262	3953377
667	1130489	3946559
668	1130659	3939560
669	1130912	3932875
670	1131157	3926179
671	1131389	3919455
672	1131571	3912581
673	1131889	3906194
674	1132190	3899766
675	1132492	3893361
676	1132814	3887042
677	1133128	3880714
678	1133428	3874357
679	1133795	3868242
680	1134097	3861926
681	1134400	3855632
682	1134754	3849526
683	1135022	3843146
684	1135289	3836782
685	1135526	3830331
686	1135837	3824151
687	1136110	3817858
688	1136384	3811590
689	1136683	3805417
690	1137029	3799423
691	1137311	3793229
692	1137677	3787334
693	1137964	3781190
694	1138240	3775026
695	1138527	3768919
696	1138855	3762961
697	1139097	3756738
698	1139399	3750725
699	1139737	3744853
700	1140017	3738801
701	1140344	3732922
702	1140649	3726985
703	1140904	3720904
704	1141218	3715031
705	1141515	3709117
706	1141823	3703254
707	1142180	3697568
708	1142452	3691619
709	1142697	3685600
710	1142977	3679713
711	1143280	3673911
712	1143589	3668146
713	1143962	3662603
714	1144285	3656913
715	1144601	3651214
716	1144821	3645226
717	1145176	3639685
718	1145492	3634031
719	1145776	3628293
720	1146159	3622882
721	1146427	3617121
722	1146717	3611447
723	1147048	3605914
724	1147362	3600343
725	1147694	3594845
726	1147983	3589224
727	1148333	3583810
728	1148682	3578406
729	1149048	3573069
730	1149349	3567542
731	1149701	3562190
732	1149973	3556602
733	1150333	3551301
734	1150675	3545957
735	1150971	3540488
736	1151243	3534959
737	1151532	3529493
738	1151810	3524010
739	1152144	3518710
740	1152430	3513280
741	1152727	3507897
742	1153068	3502658
743	1153389	3497374
744	1153667	3491974
745	1153998	3486746
746	1154233	3481242
747	1154611	3476183
748	1154891	3470842
749	1155185	3465557
750	1155555	3460512
751	1155866	3455304
752	1156221	3450239
753	1156505	3444976
754	1156785	3439712
755	1157163	3434756
756	1157477	3429619
757	1157727	3424307
758	1158081	3419315
759	1158381	3414178
760	1158768	3409308
761	1159076	3404217
762	1159434	3399284
763	1159725	3394169
764	1160017	3389070
765	1160314	3383999
766	1160667	3379100
767	1160942	3373990
768	1161230	3368927
769	1161518	3363876
770	1161793	3358804
771	1162097	3353824
772	1162438	3348966
773	1162718	3343943
774	1163027	3339015
775	1163386	3334241
776	1163705	3329364
777	1163982	3324381
778	1164252	3319391
779	1164571	3314550
780	1164891	3309723
781	1165168	3304787
782	1165626	3300375
783	1165967	3295643
784	1166214	3290656
785	1166490	3285763
786	1166728	3280774
787	1167059	3276061
788	1167480	3271608
789	1167836	3266986
790	1168139	3262225
791	1168518	3257687
792	1168819	3252942
793	1169107	3248174
794	1169389	3243401
795	1169636	3238540
796	1169941	3233853
797	1170208	3229070
798	1170455	3224246
799	1170721	3219484
800	1171015	3214810
801	1171324	3210187
802	1171628	3205564
803	1171887	3200827
804	1172225	3196317
805	1172516	3191690
806	1172772	3186977
807	1173067	3182381
808	1173358	3177786
809	1173644	3173187
810	1173922	3168576
811	1174283	3164203
812	1174538	3159551
813	1174816	3154974
814	1175077	3150360
815	1175436	3146021
816	1175788	3141671
817	1176062	3137124
818	1176394	3132743
819	1176669	3128218
820	1176897	3123579
821	1177132	3118970
822	1177469	3114643
823	1177836	3110403
824	1178092	3105879
825	1178347	3101366
826	1178641	3096961
827	1178964	3092646
828	1179241	3088217
829	1179554	3083894
830	1179901	3079671
831	1180370	3075772
832	1180652	3071396
833	1180931	3067024
834	1181215	3062672
835	1181495	3058320
836	1181760	3053939
837	1182070	3049684
838	1182415	3045530
839	1182760	3041384
840	1183185	3037453
841	1183523	3033306
842	1183853	3029148
843	1184148	3024911
844	1184480	3020775
845	1184794	3016605
846	1185193	3012657
847	1185543	3008597
848	1185980	3004763
849	1186242	3000496
850	1186591	2996457
851	1186891	2992303
852	1187213	2988215
853	1187691	2984526
854	1188003	2980429
855	1188280	2976254
856	1188632	2972274
857	1188915	2968132
858	1189179	2963950
859	1189412	2959701
860	1189589	2955321
861	1189827	2951103
862	1190155	2947116
863	1190537	2943273
864	1190870	2939316
865	1191182	2935316
866	1191641	2931684
867	1191961	2927721
868	1192218	2923609
869	1192533	2919651
870	1192827	2915648
871	1193197	2911840
872	1193527	2907942
873	1193811	2903939
874	1194276	2900386
875	1194614	2896529
876	1194918	2892601
877	1195093	2888369
878	1195339	2884317
879	1195565	2880226
880	1195787	2876134
881	1196156	2872402
882	1196444	2868485
883	1196742	2864601
884	1197096	2860856
885	1197382	2856959
886	1197654	2853036
887	1197923	2849116
888	1198264	2845373
889	1198496	2841379
890	1198836	2837651
891	1199227	2834049
892	1199528	2830243
893	1199927	2826673
894	1200255	2822946
895	1200675	2819442
896	1201001	2815726
897	1201384	2812149
898	1201655	2808318
899	1201911	2804460
900	1202141	2800548
901	1202451	2796832
902	1202712	2793009
903	1203035	2789337
904	1203371	2785704
905	1203595	2781821
906	1203786	2777866
907	1204000	2773974
908	1204167	2769983
909	1204351	2766037
910	1204552	2762140
911	1204792	2758340
912	1205010	2754497
913	1205193	2750584
914	1205360	2746641
915	1205559	2742778
916	1205703	2738799
917	1205988	2735149
918	1206138	2731202
919	1206294	2727274
920	1206446	2723347
921	1206582	2719391
922	1206735	2715482
923	1206922	2711657
924	1207100	2707821
925	1207256	2703941
926	1207402	2700048
927	1207549	2696166
928	1207694	2692286
929	1207855	2688453
930	1208009	26846193931	1208141	268072935	1210129	2668491
936	1210434	2665021
937	1210775	2661641
938	1211024	2658063
939	1211390	2654749
940	1211727	2651378
941	1212077	2648041
942	1212353	2644550
943	1212599	2641001
944	1212855	2637479
945	1213152	2634053
946	1213443	2630621
947	1213739	2627207
948	1214080	2623896
949	1214443	2620642
950	1214741	2617250
951	1215057	2613904
952	1215343	2610502
953	1215604	2607050
954	1215877	2603633
955	1216145	2600210
956	1216448	2596869
957	1216762	2593557
958	1217039	2590175
959	1217323	2586812
960	1217678	2583607
961	1217981	2580297
962	1218305	2577039
963	1218754	2574050
964	1219101	2570851
965	1219485	2567736
966	1219843	2564571
967	1220201	2561415
968	1220506	2558151
969	1220784	2554838
970	1221074	2551556
971	1221378	2548309
972	1221672	2545047
973	1222028	2541919
974	1222329	2538684
975	1222648	2535492
976	1222942	2532253
977	1223207	2528961
978	1223437	2525603
979	1223714	2522350
980	1223970	2519059
981	1224235	2515791
982	1224521	2512573
983	1224754	2509252
984	1225155	2506282
985	1225518	2503239
986	1225818	2500074
987	1226158	2496995
988	1226434	2493792
989	1226809	2490794
990	1227245	2487928
991	1227470	2484637
992	1227887	2481742
993	1228137	2478514
994	1228422	2475363
995	1228741	2472286
996	1229079	2469254
997	1229288	2465967
998	1229619	2462932
999	1229983	2459966
1000	1230288	2456889
1001	1230721	2454072
1002	1231115	2451185
1003	1231631	2448543
1004	1232017	2445647
1005	1232352	2442655
1006	1232710	2439714
1007	1232932	2436509
1008	1233174	2433349
1009	1233362	2430091
1010	1233740	2427210
1011	1234075	2424250
1012	1234409	2421295
1013	1234717	2418292
1014	1235070	2415383
1015	1235412	2412458
1016	1235851	2409727
1017	1236286	2406994
1018	1236632	2404091
1019	1236966	2401171
1020	1237310	2398273
1021	1237751	2395569
1022	1238064	2392623
1023	1238482	2389885
1024	1238796	2386949
1025	1239096	2383992
1026	1239425	2381096
1027	1239690	2378083
1028	1239943	2375052
1029	1240295	2372216
1030	1240617	2369327
1031	1240919	2366405
1032	1241273	2363585
1033	1241601	2360724
1034	1241939	2357885
1035	1242244	2354988
1036	1242670	2352325
1037	1242964	2349418
1038	1243294	2346584
1039	1243740	2343972
1040	1244114	2341229
1041	1244408	2338341
1042	1244718	2335488
1043	1245013	2332612
1044	1245352	2329821
1045	1245658	2326976
1046	1245962	2324130
1047	1246314	2321378
1048	1246631	2318568
1049	1246984	2315827
1050	1247343	2313104
1051	1247814	2310591
1052	1248254	2308026
1053	1248697	2305469
1054	1249012	2302682
1055	1249233	2299724
1056	1249403	2296680
1057	1249615	2293717
1058	1249818	2290744
1059	1249989	2287716
1060	1250172	2284716
1061	1250364	2281738
1062	1250719	2279062
1063	1251043	2276333
1064	1251540	2273926
1065	1251905	2271280
1066	1252231	2268570
1067	1252585	2265913
1068	1253019	2263404
1069	1253371	2260753
1070	1253698	2258061
1071	1254060	2255436
1072	1254350	2252688
1073	1254752	2250143
1074	1255152	2247598
1075	1255561	2245075
1076	1255998	2242603
1077	1256346	2239979
1078	1256713	2237392
1079	1257010	2234685
1080	1257324	2232011
1081	1257680	2229418
1082	1258148	2227027
1083	1258410	2224276
1084	1258718	2221609
1085	1258982	2218869
1086	1259379	2216368
1087	1259673	2213690
1088	1259884	2210871
1089	1260060	2207995
1090	1260297	2205231
1091	1260491	2202398
1092	1260710	2199611
1093	1260864	2196715
1094	1261065	2193908
1095	1261209	2191005
1096	1261401	2188193
1097	1261607	2185408
1098	1261764	2182542
1099	1261906	2179656
1100	1262067	2176808
1101	1262238	2173982
1102	1262443	2171220
1103	1262622	2168417
1104	1262834	2165675
1105	1262992	2162845
1106	1263267	2160221
1107	1263422	2157396
1108	1263618	2154646
1109	1263763	2151813
1110	1263905	2148980
1111	1264041	2146142
1112	1264215	2143374
1113	1264373	2140582
1114	1264505	2137752
1115	1264671	21115	121116	1264835	21116	1263918	2130670
1117	1264230	2128159
1118	1264558	2125678
1119	1264895	2123216
1120	1265252	2120793
1121	1265559	2118288
1122	1265778	2115641
1123	1266133	2113226
1124	1266424	2110707
1125	1266771	2108285
1126	1267163	2105941
1127	1267606	2103687
1128	1268016	2101380
1129	1268351	2098953
1130	1268703	2096557
1131	1269073	2094195
1132	1269463	2091869
1133	1269826	2089503
1134	1270117	2087021
1135	1270383	2084502
1136	1270734	2082126
1137	1271128	2079825
1138	1271437	2077387
1139	1271774	2075000
1140	1272079	2072565
1141	1272400	2070156
1142	1272708	2067733
1143	1273021	2065322
1144	1273306	2062868
1145	1273742	2060661
1146	1274073	2058289
1147	1274403	2055918
1148	1274814	2053683
1149	1275192	2051396
1150	1275598	2049158
1151	1275999	2046915
1152	1276376	2044637
1153	1276897	2042592
1154	1277293	2040352
1155	1277781	2038260
1156	1278295	2036212
1157	1278575	2033796
1158	1278931	2031503
1159	1279259	2029170
1160	1279647	2026934
1161	1279989	2024629
1162	1280245	2022193
1163	1280558	2019850
1164	1280846	2017470
1165	1281119	2015071
1166	1281430	2012735
1167	1281763	2010437
1168	1281924	2007873
1169	1282159	2005428
1170	1282482	2003125
1171	1283010	2001145
1172	1284089	2000026
1173	1287188	2002049
1174	1289903	2003467
1175	1292146	2004145
1176	1294494	2004981
1177	1297442	2006739
1178	1301906	2010832
1179	1304746	2012405
1180	1305016	2010013
1181	1305338	2007703
1182	1305643	2005371
1183	1306080	2003245
1184	1306440	2001004
1185	1306726	1998652
1186	1307141	1996502
1187	1307370	1994069
1188	1307698	1991793
1189	1308065	1989579
1190	1308345	1987235
1191	1308665	1984956
1192	1309063	1982797
1193	1309430	1980596
1194	1309756	1978334
1195	1310139	1976163
1196	1310427	1973851
1197	1310592	1971358
1198	1310775	1968896
1199	1310954	1966431
1200	1311083	1963896
1201	1311233	1961395
1202	1311365	1958872
1203	1311524	1956393
1204	11202	1311253	1958705
1203	1311631	1956553
1204	1312080	1954509
1205	1312485	1952403
1206	1312809	1950179
1207	1313156	1947994
1208	1313363	1945603
1209	1313599	1943259
1210	1314031	1941207
1211	1315419	1940568
1212	1316003	1938745
1213	1316410	1936663
1214	1316773	1934519
1215	1317084	1932301
1216	1317450	1930168
1217	1317840	1928071
1218	1318202	1925938
1219	1318555	1923794
1220	1318970	1921742
1221	1319333	1919619
1222	1319762	1917595
1223	1320107	1915449
1224	1320437	1913287
1225	1320711	1911045
1226	1320971	1908787
1227	1321337	1906685
1228	1321584	1904414
1229	1321901	1902249
1230	1322367	1900298
1231	1322785	1898283
1232	1323116	1896144
1233	1323411	1893958
1234	1323720	1891795
1235	1323975	1889556
1236	1324228	1887319
1237	1324549	1885183
1238	1325040	1883289

1242	1325544	1873678
1243	1325748	1871394
1244	1326027	1869219
1245	1326414	1867199
1246	1326837	1865233
21879	1858263
121251	1325267	185029121252	1325581	184819121253	1326126	1846424
1254	1326587	1844538
1255	1326889	1842431
1256	1327294	1840473
1257	1327575	1838343
1258	1327785	1836119
1259	1328073	1834005
1260	1328445	1832012
1261	1328952	1830205
58	1324475	1831541
1259	1324669	1829305
1260	1324853	1827058
1261	1325021	1824792
1262	1325240	1822599
1263	1325421	1820357
1264	1325737	1818304
563	1822431
1266	1330862	1820351
1267	1331299	1818463
1802308
1272	1327266	1800620
1803706
1269	1322613	1801670
1270	1322979	1799710
1271	1323325	1797725
1272	1323728	1795819
1273	1324065	1793828
1274	1324403	1791839
1275	1324753	1789870
1276	1324988	1787748
1277	1325176	1785566
1278	1325401	1783437
1279	1325646	1781337
1280	1325919	1779278
1281	1326208	1777243
1282	1326595	1775342
1283	1326960	1773414
1284	1327296	1771449
1285	1327674	1769544
1286	1327929	1767476
1287	1328255	1765507
1288	1328536	1763480
1289	1328913	1761582
1290	1329412	1759849

1293	1324894	1746730
1294	1325079	1744602
1295	1325239	1742443
1296	1325382	1740266
1297	1325564	1738143
1298	1325685	1735944
1299	1325790	1733725
1300	1325901	1731519
1301	1326372	1729785
624	1733244
1299	1323874	1731220
1300	1324122	1729195
1301	1324365	1727167
1302	1324738	1725311
12904
1307	1322667	1710974
1308	1322937	1709004
1309	1323251	1707095
1310	1323793	1705482
0342
1311	1327965	1708541
1312	1328270	1706619
1313	1328462	1704557
1314	1328792	1702673
1315	1329101	1700764
1316	1329428	1698882
795
1317	1327283	1693847
1318	1327519	1691857
1319	1327667	1689758
1320	1327853	1687710
1321	1327998	1685613
1322	1328134	1683508
1323	1328343	1681497
1324	1328498	1679422
1325	1328619	1677307
1326	1328929	1675433
